Workbook

Sheet 核心公式
A1: 模块 | B1: 内容
A2: 爆款公式 | B2: 节点/禁忌/机会 + 人群/空间 + 动作 + 结果 + 产品载体
A3: 链路 | B3: 节点→人群→问题→解释→动作→产品→案例→收口

Sheet 五大底层
A1: 模块 | B1: 说明
A2: 卖时机 | B2: 用时间节点制造行动理由
A3: 卖身份 | B3: 精准人群代入
A4: 卖解释 | B4: 重新定义问题
A5: 卖动作 | B5: 简单可执行动作
A6: 卖结果 | B6: 状态与未来想象

Sheet 开头模板
A1: 序号 | B1: 类型 | C1: 公式 | D1: 案例1 | E1: 案例2 | F1: 案例3
A2: 1 | B2: 节点型 | C2: 时间+必须做 | D2: 立秋前一定要做这个动作 | E2: 三伏天千万别忽视这个细节 | F2: 新的一年先处理这个地方
A3: 2 | B3: 人群型 | C3: 人群+注意 | D3: 所有女生一定要注意这个细节 | E3: 做生意的女人要记住这件事 | F3: 家里有孩子的姐妹看过来
A4: 3 | B4: 结果型 | C4: 动作→变化 | D4: 包里放一个状态会越来越好 | E4: 出门前喷一下整个人更顺 | F4: 家里挂一个氛围就变了
A5: 4 | B5: 翻译型 | C5: 你以为A其实B | D5: 你以为赚得少其实是留不住 | E5: 你以为家里乱其实是旧物问题 | F5: 你以为状态差其实是气味不对
A6: 5 | B6: 疑问型 | C6: 为什么+现象 | D6: 为什么你总觉得不顺 | E6: 为什么家里总是很烦躁 | F6: 为什么钱总是留不住
A7: 6 | B7: 教一招 | C7: 教你一招 | D7: 教你一招锁住状态 | E7: 教你一个方法让家里顺起来 | F7: 教你一个动作让整个人轻松
A8: 7 | B8: 案例型 | C8: 有个粉丝 | D8: 前几天有个姐姐跟我说 | E8: 有个粉丝之前状态很差 | F8: 有位大哥用了以后变化很大
A9: 8 | B9: 反常识 | C9: 不是A是B | D9: 不是你不努力是方法不对 | E9: 不是赚得少是留不住 | F9: 不是护肤是气味在影响
A10: 9 | B10: 互动型 | C10: 先做动作 | D10: 先留两个字我再讲 | E10: 先打一句越来越好 | F10: 先把这件事记下来

Sheet 中段结构
A1: 步骤 | B1: 案例1 | C1: 案例2 | D1: 案例3
A2: 产品出现 | B2: 这个就是我一直在用的 | C2: 这个东西你一定要备一个 | D2: 这个真的很关键
A3: 场景 | B3: 放在包里 | C3: 挂在衣柜 | D3: 放在车里
A4: 感受 | B4: 闻着很舒服 | C4: 整个人很轻松 | D4: 状态变得很干净
A5: 卖点 | B5: 很方便不占地方 | C5: 味道很持久 | D5: 一贴就可以用
A6: 案例 | B6: 很多粉丝用了反馈很好 | C6: 老粉都在回购 | D6: 用过都来报喜
A7: 收口 | B7: 赶紧用起来 | C7: 现在就带回去 | D7: 不要等没货

Sheet 素材库
A1: 类型 | B1: 示例
A2: 节点 | B2: 节气/换季/年初
A3: 人群 | B3: 女生/家庭/生意
A4: 痛点 | B4: 钱/情绪/状态
A5: 解释 | B5: 包=米库
A6: 动作 | B6: 放/挂/喷
A7: 收口 | B7: 赶紧用

Sheet 骨架检查
A1: 检查项
A2: 钩子
A3: 人群
A4: 问题
A5: 解释
A6: 动作
A7: 产品
A8: 场景
A9: 感受
A10: 案例
A11: 收口

Sheet 开头生成
A1: 节点 | B1: 人群 | C1: 痛点 | D1: 解释 | E1: 动作 | F1: 场景 | G1: 结果 | H1: 模板1_节点人群 | I1: 模板2_疑问 | J1: 模板3_反常识
A2: =[1]组合池!A2 -> 立秋前 | B2: =[1]组合池!B2 -> 所有女生 | C2: =[1]组合池!C2 -> 钱留不住 | D2: =[1]组合池!D2 -> 包是米库 | E2: =[1]组合池!E2 -> 把包整理一下 | F2: =[1]组合池!F2 -> 包里 | G2: =[1]组合池!G2 -> 状态越来越好 | H2: =A2&"，"&B2&"一定要注意这个细节" -> 立秋前，所有女生一定要注意这个细节 | I2: ="为什么"&B2&"总是"&C2&"？" -> 为什么所有女生总是钱留不住？ | J2: ="不是因为你"&C2&"，而是因为"&D2 -> 不是因为你钱留不住，而是因为包是米库
A3: =[1]组合池!A3 -> 三伏天 | B3: =[1]组合池!B3 -> 做生意的人 | C3: =[1]组合池!C3 -> 状态很散 | D3: =[1]组合池!D3 -> 味道影响状态 | E3: =[1]组合池!E3 -> 挂一个香片 | F3: =[1]组合池!F3 -> 衣柜 | G3: =[1]组合池!G3 -> 米米越来越多 | H3: =A3&"，"&B3&"一定要注意这个细节" -> 三伏天，做生意的人一定要注意这个细节 | I3: ="为什么"&B3&"总是"&C3&"？" -> 为什么做生意的人总是状态很散？ | J3: ="不是因为你"&C3&"，而是因为"&D3 -> 不是因为你状态很散，而是因为味道影响状态
A4: =[1]组合池!A4 -> 最近这段时间 | B4: =[1]组合池!B4 -> 家里有孩子的 | C4: =[1]组合池!C4 -> 家里有味道 | D4: =[1]组合池!D4 -> 旧物拖状态 | E4: =[1]组合池!E4 -> 把旧物清掉 | F4: =[1]组合池!F4 -> 玄关 | G4: =[1]组合池!G4 -> 整个人更轻松 | H4: =A4&"，"&B4&"一定要注意这个细节" -> 最近这段时间，家里有孩子的一定要注意这个细节 | I4: ="为什么"&B4&"总是"&C4&"？" -> 为什么家里有孩子的总是家里有味道？ | J4: ="不是因为你"&C4&"，而是因为"&D4 -> 不是因为你家里有味道，而是因为旧物拖状态
A5: =[1]组合池!A5 -> 如果你最近 | B5: =[1]组合池!B5 -> 经常出门的人 | C5: =[1]组合池!C5 -> 情绪容易烦躁 | D5: =[1]组合池!D5 -> 眼睛是心灯 | E5: =[1]组合池!E5 -> 出门前喷一下 | F5: =[1]组合池!F5 -> 车里 | G5: =[1]组合池!G5 -> 家里氛围变好 | H5: =A5&"，"&B5&"一定要注意这个细节" -> 如果你最近，经常出门的人一定要注意这个细节 | I5: ="为什么"&B5&"总是"&C5&"？" -> 为什么经常出门的人总是情绪容易烦躁？ | J5: ="不是因为你"&C5&"，而是因为"&D5 -> 不是因为你情绪容易烦躁，而是因为眼睛是心灯
A6: =[1]组合池!A6 -> 今年 | B6: =[1]组合池!B6 -> 状态不太好的人 | C6: =[1]组合池!C6 -> 眼睛干涩没神 | D6: =[1]组合池!D6 -> 环境影响人 | E6: =[1]组合池!E6 -> 把空间收纳好 | F6: =[1]组合池!F6 -> 床头 | G6: =[1]组合池!G6 -> 越来越顺 | H6: =A6&"，"&B6&"一定要注意这个细节" -> 今年，状态不太好的人一定要注意这个细节 | I6: ="为什么"&B6&"总是"&C6&"？" -> 为什么状态不太好的人总是眼睛干涩没神？ | J6: ="不是因为你"&C6&"，而是因为"&D6 -> 不是因为你眼睛干涩没神，而是因为环境影响人
